{"polyfill":["/polyfill-c556d9e75ccb339f8c3b.js"],"app":["/app-638b2df30f234c020e84.js"],"component---src-pages-404-js":["/component---src-pages-404-js-4dc8225f194d876fa67a.js"],"component---src-pages-blog-js":["/component---src-pages-blog-js-87affb8e1daa328be6f6.js"],"component---src-pages-index-js":["/component---src-pages-index-js-8c7ab6cbfa97100fcd8e.js"],"component---src-pages-investing-js":["/component---src-pages-investing-js-882819436898c377bf1d.js"],"component---src-pages-reading-list-js":["/component---src-pages-reading-list-js-a9f2eb64a7a685e726b4.js"]}