{"name":"build-javascript","namedChunkGroups":{"polyfill":{"name":"polyfill","assets":[{"name":"webpack-runtime-4f2e320caf58ddb884c6.js","size":4595},{"name":"polyfill-c556d9e75ccb339f8c3b.js","size":85848}],"filteredAssets":0,"assetsSize":90443,"filteredAuxiliaryAssets":2,"auxiliaryAssetsSize":225939},"app":{"name":"app","assets":[{"name":"webpack-runtime-4f2e320caf58ddb884c6.js","size":4595},{"name":"framework-05238ad49ea0bcb22964.js","size":129761},{"name":"app-638b2df30f234c020e84.js","size":55757}],"filteredAssets":0,"assetsSize":190113,"filteredAuxiliaryAssets":3,"auxiliaryAssetsSize":564879},"component---src-pages-404-js":{"name":"component---src-pages-404-js","assets":[{"name":"component---src-pages-404-js-4dc8225f194d876fa67a.js","size":813}],"filteredAssets":0,"assetsSize":813,"filteredAuxiliaryAssets":1,"auxiliaryAssetsSize":1994},"component---src-pages-blog-js":{"name":"component---src-pages-blog-js","assets":[{"name":"styles.a0fa2b7e8f466e09eb75.css","size":1557},{"name":"44fe4ffe339357506fe380aed2928af588ccc7ee-476765cef98477f2929e.js","size":15134},{"name":"component---src-pages-blog-js-87affb8e1daa328be6f6.js","size":1861}],"filteredAssets":0,"assetsSize":18552,"filteredAuxiliaryAssets":2,"auxiliaryAssetsSize":67476},"component---src-pages-index-js":{"name":"component---src-pages-index-js","assets":[{"name":"styles.a0fa2b7e8f466e09eb75.css","size":1557},{"name":"44fe4ffe339357506fe380aed2928af588ccc7ee-476765cef98477f2929e.js","size":15134},{"name":"component---src-pages-index-js-8c7ab6cbfa97100fcd8e.js","size":1703}],"filteredAssets":0,"assetsSize":18394,"filteredAuxiliaryAssets":3,"auxiliaryAssetsSize":94601},"component---src-pages-investing-js":{"name":"component---src-pages-investing-js","assets":[{"name":"styles.a0fa2b7e8f466e09eb75.css","size":1557},{"name":"44fe4ffe339357506fe380aed2928af588ccc7ee-476765cef98477f2929e.js","size":15134},{"name":"component---src-pages-investing-js-882819436898c377bf1d.js","size":2725}],"filteredAssets":0,"assetsSize":19416,"filteredAuxiliaryAssets":2,"auxiliaryAssetsSize":68718},"component---src-pages-reading-list-js":{"name":"component---src-pages-reading-list-js","assets":[{"name":"styles.a0fa2b7e8f466e09eb75.css","size":1557},{"name":"44fe4ffe339357506fe380aed2928af588ccc7ee-476765cef98477f2929e.js","size":15134},{"name":"component---src-pages-reading-list-js-a9f2eb64a7a685e726b4.js","size":12305}],"filteredAssets":0,"assetsSize":28996,"filteredAuxiliaryAssets":2,"auxiliaryAssetsSize":84563}},"assetsByChunkName":{"polyfill":["webpack-runtime-4f2e320caf58ddb884c6.js","polyfill-c556d9e75ccb339f8c3b.js"],"app":["webpack-runtime-4f2e320caf58ddb884c6.js","framework-05238ad49ea0bcb22964.js","app-638b2df30f234c020e84.js"],"component---src-pages-404-js":["component---src-pages-404-js-4dc8225f194d876fa67a.js"],"component---src-pages-blog-js":["styles.a0fa2b7e8f466e09eb75.css","44fe4ffe339357506fe380aed2928af588ccc7ee-476765cef98477f2929e.js","component---src-pages-blog-js-87affb8e1daa328be6f6.js"],"component---src-pages-index-js":["styles.a0fa2b7e8f466e09eb75.css","44fe4ffe339357506fe380aed2928af588ccc7ee-476765cef98477f2929e.js","component---src-pages-index-js-8c7ab6cbfa97100fcd8e.js"],"component---src-pages-investing-js":["styles.a0fa2b7e8f466e09eb75.css","44fe4ffe339357506fe380aed2928af588ccc7ee-476765cef98477f2929e.js","component---src-pages-investing-js-882819436898c377bf1d.js"],"component---src-pages-reading-list-js":["styles.a0fa2b7e8f466e09eb75.css","44fe4ffe339357506fe380aed2928af588ccc7ee-476765cef98477f2929e.js","component---src-pages-reading-list-js-a9f2eb64a7a685e726b4.js"]},"childAssetsByChunkName":{}}